{
    "testCases": [
        {
            "keys": {
                "n": 4,
                "k": 3
            },
            "roots": [
                {
                    "x": 1,
                    "y": 4
                },
                {
                    "x": 2,
                    "y": 7
                },
                {
                    "x": 3,
                    "y": 12
                },
                {
                    "x": 6,
                    "y": 39
                }
            ]
        },
        {
            "keys": {
                "n": 10,
                "k": 7
            },
            "roots": [
                {
                    "x": 1,
                    "y": 995085094601491
                },
                {
                    "x": 2,
                    "y": 320923294898495940
                },
                {
                    "x": 3,
                    "y": 196563650089608580
                },
                {
                    "x": 4,
                    "y": 1016509518118225900
                },
                {
                    "x": 5,
                    "y": 3711974121218450000
                },
                {
                    "x": 6,
                    "y": 10788619898233491000
                },
                {
                    "x": 7,
                    "y": 26709394976508342000
                },
                {
                    "x": 8,
                    "y": 58725075613853300000
                },
                {
                    "x": 9,
                    "y": 117852986202006520000
                },
                {
                    "x": 10,
                    "y": 220003896831595300000
                }
            ]
        }
    ]
}